date,risk_score,w_risky,lambda_implied,lambda_market,lambda_ratio
2016-01-29,2.0,0.1,21.8775,3.0,7.2925
2016-01-29,4.0,0.3,7.2925,3.0,2.4308
2016-01-29,6.0,0.5,4.3755,3.0,1.4585
2016-01-29,7.2,0.61,3.5865,3.0,1.1955
2016-01-29,9.0,0.7,3.1254,3.0,1.0418
2016-04-27,2.0,0.1,23.2312,3.0,7.7437
2016-04-27,4.0,0.3,7.7437,3.0,2.5812
2016-04-27,6.0,0.5,4.6462,3.0,1.5487
2016-04-27,7.2,0.61,3.8084,3.0,1.2695
2016-04-27,9.0,0.7,3.3187,3.0,1.1062
2016-07-25,2.0,0.1,22.0447,3.0,7.3482
2016-07-25,4.0,0.3,7.3482,3.0,2.4494
2016-07-25,6.0,0.5,4.4089,3.0,1.4696
2016-07-25,7.2,0.61,3.6139,3.0,1.2046
2016-07-25,9.0,0.7,3.1492,3.0,1.0497
2016-10-20,2.0,0.1,17.3085,3.0,5.7695
2016-10-20,4.0,0.3,5.7695,3.0,1.9232
2016-10-20,6.0,0.5,3.4617,3.0,1.1539
2016-10-20,7.2,0.61,2.8375,3.0,0.9458
2016-10-20,9.0,0.7,2.4726,3.0,0.8242
2017-01-17,2.0,0.1,15.9255,3.0,5.3085
2017-01-17,4.0,0.3,5.3085,3.0,1.7695
2017-01-17,6.0,0.5,3.1851,3.0,1.0617
2017-01-17,7.2,0.61,2.6107,3.0,0.8702
2017-01-17,9.0,0.7,2.2751,3.0,0.7584
2017-04-14,2.0,0.1,14.2744,3.0,4.7581
2017-04-14,4.0,0.3,4.7581,3.0,1.586
2017-04-14,6.0,0.5,2.8549,3.0,0.9516
2017-04-14,7.2,0.61,2.3401,3.0,0.78
2017-04-14,9.0,0.7,2.0392,3.0,0.6797
2017-07-12,2.0,0.1,13.6309,3.0,4.5436
2017-07-12,4.0,0.3,4.5436,3.0,1.5145
2017-07-12,6.0,0.5,2.7262,3.0,0.9087
2017-07-12,7.2,0.61,2.2346,3.0,0.7449
2017-07-12,9.0,0.7,1.9473,3.0,0.6491
2017-10-09,2.0,0.1,11.103,3.0,3.701
2017-10-09,4.0,0.3,3.701,3.0,1.2337
2017-10-09,6.0,0.5,2.2206,3.0,0.7402
2017-10-09,7.2,0.61,1.8202,3.0,0.6067
2017-10-09,9.0,0.7,1.5861,3.0,0.5287
2018-01-08,2.0,0.1,-13.9962,3.0,-4.6654
2018-01-08,4.0,0.3,-4.6654,3.0,-1.5551
2018-01-08,6.0,0.5,-2.7992,3.0,-0.9331
2018-01-08,7.2,0.61,-2.2945,3.0,-0.7648
2018-01-08,9.0,0.7,-1.9995,3.0,-0.6665
2018-04-05,2.0,0.1,-11.677,3.0,-3.8923
2018-04-05,4.0,0.3,-3.8923,3.0,-1.2974
2018-04-05,6.0,0.5,-2.3354,3.0,-0.7785
2018-04-05,7.2,0.61,-1.9143,3.0,-0.6381
2018-04-05,9.0,0.7,-1.6681,3.0,-0.556
2018-07-03,2.0,0.1,-12.0493,3.0,-4.0164
2018-07-03,4.0,0.3,-4.0164,3.0,-1.3388
2018-07-03,6.0,0.5,-2.4099,3.0,-0.8033
2018-07-03,7.2,0.61,-1.9753,3.0,-0.6584
2018-07-03,9.0,0.7,-1.7213,3.0,-0.5738
2018-09-28,2.0,0.1,-14.504,3.0,-4.8347
2018-09-28,4.0,0.3,-4.8347,3.0,-1.6116
2018-09-28,6.0,0.5,-2.9008,3.0,-0.9669
2018-09-28,7.2,0.61,-2.3777,3.0,-0.7926
2018-09-28,9.0,0.7,-2.072,3.0,-0.6907
2018-12-27,2.0,0.1,3.2501,3.0,1.0834
2018-12-27,4.0,0.3,1.0834,3.0,0.3611
2018-12-27,6.0,0.5,0.65,3.0,0.2167
2018-12-27,7.2,0.61,0.5328,3.0,0.1776
2018-12-27,9.0,0.7,0.4643,3.0,0.1548
2019-03-27,2.0,0.1,-6.3349,3.0,-2.1116
2019-03-27,4.0,0.3,-2.1116,3.0,-0.7039
2019-03-27,6.0,0.5,-1.267,3.0,-0.4223
2019-03-27,7.2,0.61,-1.0385,3.0,-0.3462
2019-03-27,9.0,0.7,-0.905,3.0,-0.3017
2019-06-24,2.0,0.1,-2.211,3.0,-0.737
2019-06-24,4.0,0.3,-0.737,3.0,-0.2457
2019-06-24,6.0,0.5,-0.4422,3.0,-0.1474
2019-06-24,7.2,0.61,-0.3625,3.0,-0.1208
2019-06-24,9.0,0.7,-0.3159,3.0,-0.1053
2019-09-19,2.0,0.1,2.1211,3.0,0.707
2019-09-19,4.0,0.3,0.707,3.0,0.2357
2019-09-19,6.0,0.5,0.4242,3.0,0.1414
2019-09-19,7.2,0.61,0.3477,3.0,0.1159
2019-09-19,9.0,0.7,0.303,3.0,0.101
2019-12-17,2.0,0.1,4.3568,3.0,1.4523
2019-12-17,4.0,0.3,1.4523,3.0,0.4841
2019-12-17,6.0,0.5,0.8714,3.0,0.2905
2019-12-17,7.2,0.61,0.7142,3.0,0.2381
2019-12-17,9.0,0.7,0.6224,3.0,0.2075
2020-03-16,2.0,0.1,-4.2053,3.0,-1.4018
2020-03-16,4.0,0.3,-1.4018,3.0,-0.4673
2020-03-16,6.0,0.5,-0.8411,3.0,-0.2804
2020-03-16,7.2,0.61,-0.6894,3.0,-0.2298
2020-03-16,9.0,0.7,-0.6008,3.0,-0.2003
2020-06-11,2.0,0.1,2.1633,3.0,0.7211
2020-06-11,4.0,0.3,0.7211,3.0,0.2404
2020-06-11,6.0,0.5,0.4327,3.0,0.1442
2020-06-11,7.2,0.61,0.3546,3.0,0.1182
2020-06-11,9.0,0.7,0.309,3.0,0.103
2020-09-08,2.0,0.1,2.6514,3.0,0.8838
2020-09-08,4.0,0.3,0.8838,3.0,0.2946
2020-09-08,6.0,0.5,0.5303,3.0,0.1768
2020-09-08,7.2,0.61,0.4347,3.0,0.1449
2020-09-08,9.0,0.7,0.3788,3.0,0.1263
2020-12-04,2.0,0.1,3.285,3.0,1.095
2020-12-04,4.0,0.3,1.095,3.0,0.365
2020-12-04,6.0,0.5,0.657,3.0,0.219
2020-12-04,7.2,0.61,0.5385,3.0,0.1795
2020-12-04,9.0,0.7,0.4693,3.0,0.1564
2021-03-04,2.0,0.1,15.7928,3.0,5.2643
2021-03-04,4.0,0.3,5.2643,3.0,1.7548
2021-03-04,6.0,0.5,3.1586,3.0,1.0529
2021-03-04,7.2,0.61,2.589,3.0,0.863
2021-03-04,9.0,0.7,2.2561,3.0,0.752
2021-06-01,2.0,0.1,15.5185,3.0,5.1728
2021-06-01,4.0,0.3,5.1728,3.0,1.7243
2021-06-01,6.0,0.5,3.1037,3.0,1.0346
2021-06-01,7.2,0.61,2.544,3.0,0.848
2021-06-01,9.0,0.7,2.2169,3.0,0.739
2021-08-27,2.0,0.1,13.4826,3.0,4.4942
2021-08-27,4.0,0.3,4.4942,3.0,1.4981
2021-08-27,6.0,0.5,2.6965,3.0,0.8988
2021-08-27,7.2,0.61,2.2103,3.0,0.7368
2021-08-27,9.0,0.7,1.9261,3.0,0.642
2021-11-24,2.0,0.1,11.6432,3.0,3.8811
2021-11-24,4.0,0.3,3.8811,3.0,1.2937
2021-11-24,6.0,0.5,2.3286,3.0,0.7762
2021-11-24,7.2,0.61,1.9087,3.0,0.6362
2021-11-24,9.0,0.7,1.6633,3.0,0.5544
2022-02-21,2.0,0.1,7.9595,3.0,2.6532
2022-02-21,4.0,0.3,2.6532,3.0,0.8844
2022-02-21,6.0,0.5,1.5919,3.0,0.5306
2022-02-21,7.2,0.61,1.3048,3.0,0.4349
2022-02-21,9.0,0.7,1.1371,3.0,0.379
2022-05-19,2.0,0.1,5.5553,3.0,1.8518
2022-05-19,4.0,0.3,1.8518,3.0,0.6173
2022-05-19,6.0,0.5,1.1111,3.0,0.3704
2022-05-19,7.2,0.61,0.9107,3.0,0.3036
2022-05-19,9.0,0.7,0.7936,3.0,0.2645
2022-08-16,2.0,0.1,1.1164,3.0,0.3721
2022-08-16,4.0,0.3,0.3721,3.0,0.124
2022-08-16,6.0,0.5,0.2233,3.0,0.0744
2022-08-16,7.2,0.61,0.183,3.0,0.061
2022-08-16,9.0,0.7,0.1595,3.0,0.0532
2022-11-11,2.0,0.1,0.0914,3.0,0.0305
2022-11-11,4.0,0.3,0.0305,3.0,0.0102
2022-11-11,6.0,0.5,0.0183,3.0,0.0061
2022-11-11,7.2,0.61,0.015,3.0,0.005
2022-11-11,9.0,0.7,0.0131,3.0,0.0044
2023-02-08,2.0,0.1,3.1146,3.0,1.0382
2023-02-08,4.0,0.3,1.0382,3.0,0.3461
2023-02-08,6.0,0.5,0.6229,3.0,0.2076
2023-02-08,7.2,0.61,0.5106,3.0,0.1702
2023-02-08,9.0,0.7,0.4449,3.0,0.1483
2023-05-08,2.0,0.1,2.7263,3.0,0.9088
2023-05-08,4.0,0.3,0.9088,3.0,0.3029
2023-05-08,6.0,0.5,0.5453,3.0,0.1818
2023-05-08,7.2,0.61,0.4469,3.0,0.149
2023-05-08,9.0,0.7,0.3895,3.0,0.1298
2023-08-03,2.0,0.1,2.2558,3.0,0.7519
2023-08-03,4.0,0.3,0.7519,3.0,0.2506
2023-08-03,6.0,0.5,0.4512,3.0,0.1504
2023-08-03,7.2,0.61,0.3698,3.0,0.1233
2023-08-03,9.0,0.7,0.3223,3.0,0.1074
2023-10-31,2.0,0.1,1.8966,3.0,0.6322
2023-10-31,4.0,0.3,0.6322,3.0,0.2107
2023-10-31,6.0,0.5,0.3793,3.0,0.1264
2023-10-31,7.2,0.61,0.3109,3.0,0.1036
2023-10-31,9.0,0.7,0.2709,3.0,0.0903
2024-01-29,2.0,0.1,2.5573,3.0,0.8524
2024-01-29,4.0,0.3,0.8524,3.0,0.2841
2024-01-29,6.0,0.5,0.5115,3.0,0.1705
2024-01-29,7.2,0.61,0.4192,3.0,0.1397
2024-01-29,9.0,0.7,0.3653,3.0,0.1218
2024-04-25,2.0,0.1,2.9922,3.0,0.9974
2024-04-25,4.0,0.3,0.9974,3.0,0.3325
2024-04-25,6.0,0.5,0.5984,3.0,0.1995
2024-04-25,7.2,0.61,0.4905,3.0,0.1635
2024-04-25,9.0,0.7,0.4275,3.0,0.1425
2024-07-23,2.0,0.1,2.9652,3.0,0.9884
2024-07-23,4.0,0.3,0.9884,3.0,0.3295
2024-07-23,6.0,0.5,0.593,3.0,0.1977
2024-07-23,7.2,0.61,0.4861,3.0,0.162
2024-07-23,9.0,0.7,0.4236,3.0,0.1412
2024-10-18,2.0,0.1,4.2619,3.0,1.4206
2024-10-18,4.0,0.3,1.4206,3.0,0.4735
2024-10-18,6.0,0.5,0.8524,3.0,0.2841
2024-10-18,7.2,0.61,0.6987,3.0,0.2329
2024-10-18,9.0,0.7,0.6088,3.0,0.2029
2025-01-16,2.0,0.1,3.499,3.0,1.1663
2025-01-16,4.0,0.3,1.1663,3.0,0.3888
2025-01-16,6.0,0.5,0.6998,3.0,0.2333
2025-01-16,7.2,0.61,0.5736,3.0,0.1912
2025-01-16,9.0,0.7,0.4999,3.0,0.1666
